<?xml version="1.0"?>
<AudioModification.xml>
	<AudioModification>
		<Name>Azusawa Kohane vits 1.0</Name>
		<ExternalEvent>
			<Name>Play_VO_Alarm_Defective_Modules</Name>
			<Container>
				<Name>Voice</Name>
				<ExternalId>VVO_Alarm_Defective_Modules</ExternalId>
				<Path>
					<StateList>
						<State>
							<Name>Module_Type</Name>
							<Value>Module_Type_Engine</Value>
						</State>
					</StateList>
					<FilesList>
						<File>
							<Name>2876009376.wem</Name>
						</File>
					</FilesList>
				</Path>
				<Path>
					<StateList>
						<State>
							<Name>Module_Type</Name>
							<Value>Module_Type_Steering_Wheel</Value>
						</State>
					</StateList>
					<FilesList>
						<File>
							<Name>3907381592.wem</Name>
						</File>
					</FilesList>
				</Path>
				<Path>
					<StateList>
						<State>
							<Name>Module_Type</Name>
							<Value>Module_Type_TA</Value>
						</State>
					</StateList>
					<FilesList>
						<File>
							<Name>2401815490.wem</Name>
						</File>
					</FilesList>
				</Path>
				<Path>
					<StateList>
						<State>
							<Name>Module_Type</Name>
							<Value>Module_Type_MG</Value>
						</State>
					</StateList>
					<FilesList>
						<File>
							<Name>1356720538.wem</Name>
						</File>
					</FilesList>
				</Path>
				<Path>
					<StateList>
						<State>
							<Name>Module_Type</Name>
							<Value>Module_Type_MainGun</Value>
						</State>
					</StateList>
					<FilesList>
						<File>
							<Name>1455948632.wem</Name>
						</File>
					</FilesList>
				</Path>
				<Path>
					<StateList>
						<State>
							<Name>Module_Type</Name>
							<Value>Module_Type_TorpedoGun</Value>
						</State>
					</StateList>
					<FilesList>
						<File>
							<Name>2501043584.wem</Name>
						</File>
					</FilesList>
				</Path>
			</Container>
		</ExternalEvent>
		<ExternalEvent>
			<Name>Play_VO_Alarm_Map_Border</Name>
			<Container>
				<Name>Voice</Name>
				<ExternalId>VVO_Alarm_Map_Border</ExternalId>
				<Path>
					<StateList/>
					<FilesList>
						<File>
							<Name>1146396123.wem</Name>
						</File>
					</FilesList>
				</Path>
			</Container>
		</ExternalEvent>
		<ExternalEvent>
			<Name>Play_VO_Alarm_Weather_Changed</Name>
			<Container>
				<Name>Voice</Name>
				<ExternalId>VVO_Alarm_Weather_Changed</ExternalId>
				<Path>
					<StateList/>
					<FilesList>
						<File>
							<Name>2604292985.wem</Name>
						</File>
					</FilesList>
				</Path>
			</Container>
		</ExternalEvent>
		<ExternalEvent>
			<Name>Play_VO_Autopilot</Name>
			<Container>
				<Name>Voice</Name>
				<ExternalId>VVO_Autopilot</ExternalId>
				<Path>
					<StateList>
						<State>
							<Name>VO_Autopilot</Name>
							<Value>VO_Autopilot_On</Value>
						</State>
					</StateList>
					<FilesList>
						<File>
							<Name>461538429.wem</Name>
						</File>
					</FilesList>
				</Path>
				<Path>
					<StateList>
						<State>
							<Name>VO_Autopilot</Name>
							<Value>VO_Autopilot_Off</Value>
						</State>
					</StateList>
					<FilesList>
						<File>
							<Name>1061832488.wem</Name>
						</File>
					</FilesList>
				</Path>
				<Path>
					<StateList>
						<State>
							<Name>VO_Autopilot</Name>
							<Value>VO_Autopilot_End</Value>
						</State>
					</StateList>
					<FilesList>
						<File>
							<Name>2051248595.wem</Name>
						</File>
					</FilesList>
				</Path>
				<Path>
					<StateList>
						<State>
							<Name>VO_Autopilot</Name>
							<Value>VO_Autopilot_Checkpoint</Value>
						</State>
					</StateList>
					<FilesList>
						<File>
							<Name>2568114822.wem</Name>
						</File>
					</FilesList>
				</Path>
			</Container>
		</ExternalEvent>
		<ExternalEvent>
			<Name>Play_VO_Consumable</Name>
			<Container>
				<Name>Voice</Name>
				<ExternalId>VVO_Consumable</ExternalId>
				<Path>
					<StateList>
						<State>
							<Name>HelpType</Name>
							<Value>AirDefenseDisp</Value>
						</State>
					</StateList>
					<FilesList>
						<File>
							<Name>3680200001.wem</Name>
						</File>
					</FilesList>
				</Path>
				<Path>
					<StateList>
						<State>
							<Name>HelpType</Name>
							<Value>CrashCrew</Value>
						</State>
					</StateList>
					<FilesList>
						<File>
							<Name>3654190098.wem</Name>
						</File>
					</FilesList>
				</Path>
				<Path>
					<StateList>
						<State>
							<Name>HelpType</Name>
							<Value>Engine</Value>
						</State>
					</StateList>
					<FilesList>
						<File>
							<Name>3064275655.wem</Name>
						</File>
					</FilesList>
				</Path>
				<Path>
					<StateList>
						<State>
							<Name>HelpType</Name>
							<Value>Smoke</Value>
						</State>
					</StateList>
					<FilesList>
						<File>
							<Name>1111407910.wem</Name>
						</File>
					</FilesList>
				</Path>
				<Path>
					<StateList>
						<State>
							<Name>HelpType</Name>
							<Value>Hydroacoustic</Value>
						</State>
					</StateList>
					<FilesList>
						<File>
							<Name>2577008481.wem</Name>
						</File>
					</FilesList>
				</Path>
				<Path>
					<StateList>
						<State>
							<Name>HelpType</Name>
							<Value>Scout</Value>
						</State>
					</StateList>
					<FilesList>
						<File>
							<Name>609688145.wem</Name>
						</File>
					</FilesList>
				</Path>
				<Path>
					<StateList>
						<State>
							<Name>HelpType</Name>
							<Value>Fighter</Value>
						</State>
					</StateList>
					<FilesList>
						<File>
							<Name>2023839883.wem</Name>
						</File>
					</FilesList>
				</Path>
			</Container>
		</ExternalEvent>
		<ExternalEvent>
			<Name>Play_VO_Consumable_End</Name>
			<Container>
				<Name>Voice</Name>
				<ExternalId>VVO_Consumable_End</ExternalId>
				<Path>
					<StateList>
						<State>
							<Name>HelpType</Name>
							<Value>AirDefenseDisp</Value>
						</State>
					</StateList>
					<FilesList>
						<File>
							<Name>476564458.wem</Name>
						</File>
					</FilesList>
				</Path>
				<Path>
					<StateList>
						<State>
							<Name>HelpType</Name>
							<Value>Engine</Value>
						</State>
					</StateList>
					<FilesList>
						<File>
							<Name>878883397.wem</Name>
						</File>
					</FilesList>
				</Path>
				<Path>
					<StateList>
						<State>
							<Name>HelpType</Name>
							<Value>Smoke</Value>
						</State>
					</StateList>
					<FilesList>
						<File>
							<Name>2904254652.wem</Name>
						</File>
					</FilesList>
				</Path>
				<Path>
					<StateList>
						<State>
							<Name>HelpType</Name>
							<Value>Fighter</Value>
						</State>
					</StateList>
					<FilesList>
						<File>
							<Name>1144505886.wem</Name>
						</File>
					</FilesList>
				</Path>
				<Path>
					<StateList>
						<State>
							<Name>HelpType</Name>
							<Value>CrashCrew</Value>
						</State>
					</StateList>
					<FilesList>
						<File>
							<Name>3654190098.wem</Name>
						</File>
					</FilesList>
				</Path>
			</Container>
		</ExternalEvent>
		<ExternalEvent>
			<Name>Play_VO_Consumable_Interrupted</Name>
			<Container>
				<Name>Voice</Name>
				<ExternalId>VVO_Consumable_Interrupted</ExternalId>
				<Path>
					<StateList>
						<State>
							<Name>HelpType</Name>
							<Value>Scout</Value>
						</State>
					</StateList>
					<FilesList>
						<File>
							<Name>3966099580.wem</Name>
						</File>
					</FilesList>
				</Path>
				<Path>
					<StateList>
						<State>
							<Name>HelpType</Name>
							<Value>Fighter</Value>
						</State>
					</StateList>
					<FilesList>
						<File>
							<Name>3626319874.wem</Name>
						</File>
					</FilesList>
				</Path>
				<Path>
					<StateList>
						<State>
							<Name>HelpType</Name>
							<Value>CrashCrew</Value>
						</State>
					</StateList>
					<FilesList>
						<File>
							<Name>3654190098.wem</Name>
						</File>
					</FilesList>
				</Path>
			</Container>
		</ExternalEvent>
		<ExternalEvent>
			<Name>Play_VO_Detection_Enemy</Name>
			<Container>
				<Name>Voice</Name>
				<ExternalId>VVO_Detection_Enemy</ExternalId>
				<Path>
					<StateList>
						<State>
							<Name>VO_Spotting</Name>
							<Value>VO_Spotting_AirCarrier</Value>
						</State>
					</StateList>
					<FilesList>
						<File>
							<Name>1862160530.wem</Name>
						</File>
					</FilesList>
				</Path>
				<Path>
					<StateList>
						<State>
							<Name>VO_Spotting</Name>
							<Value>VO_Spotting_Battleship</Value>
						</State>
					</StateList>
					<FilesList>
						<File>
							<Name>962904446.wem</Name>
						</File>
					</FilesList>
				</Path>
				<Path>
					<StateList>
						<State>
							<Name>VO_Spotting</Name>
							<Value>VO_Spotting_Cruiser</Value>
						</State>
					</StateList>
					<FilesList>
						<File>
							<Name>1096785939.wem</Name>
						</File>
					</FilesList>
				</Path>
				<Path>
					<StateList>
						<State>
							<Name>VO_Spotting</Name>
							<Value>VO_Spotting_Destroyer</Value>
						</State>
					</StateList>
					<FilesList>
						<File>
							<Name>308025263.wem</Name>
						</File>
					</FilesList>
				</Path>
				<Path>
					<StateList>
						<State>
							<Name>VO_Spotting</Name>
							<Value>VO_Spotting_Multi</Value>
						</State>
					</StateList>
					<FilesList>
						<File>
							<Name>701252039.wem</Name>
						</File>
					</FilesList>
				</Path>
				<Path>
					<StateList>
						<State>
							<Name>VO_Spotting</Name>
							<Value>VO_Spotting_Submarine</Value>
						</State>
					</StateList>
					<FilesList>
						<File>
							<Name>751315343.wem</Name>
						</File>
					</FilesList>
				</Path>
			</Container>
		</ExternalEvent>
		<ExternalEvent>
			<Name>Play_VO_Domination_Status</Name>
			<Container>
				<Name>Voice</Name>
				<ExternalId>VVO_Domination_Status</ExternalId>
				<Path>
					<StateList>
						<State>
							<Name>VO_Domination</Name>
							<Value>VO_Domination_Advantage_Ally</Value>
						</State>
					</StateList>
					<FilesList>
						<File>
							<Name>1973974879.wem</Name>
						</File>
					</FilesList>
				</Path>
				<Path>
					<StateList>
						<State>
							<Name>VO_Domination</Name>
							<Value>VO_Domination_Advantage_Enemy</Value>
						</State>
					</StateList>
					<FilesList>
						<File>
							<Name>169110468.wem</Name>
						</File>
					</FilesList>
				</Path>
				<Path>
					<StateList>
						<State>
							<Name>VO_Domination</Name>
							<Value>VO_Domination_Close_Win_Ally</Value>
						</State>
					</StateList>
					<FilesList>
						<File>
							<Name>261762447.wem</Name>
						</File>
					</FilesList>
				</Path>
				<Path>
					<StateList>
						<State>
							<Name>VO_Domination</Name>
							<Value>VO_Domination_Close_Win_Enemy</Value>
						</State>
					</StateList>
					<FilesList>
						<File>
							<Name>4166596224.wem</Name>
						</File>
					</FilesList>
				</Path>
			</Container>
		</ExternalEvent>
		<ExternalEvent>
			<Name>Play_VO_DoubleKill</Name>
			<Container>
				<Name>Voice</Name>
				<ExternalId>VVO_DoubleKill</ExternalId>
				<Path>
					<StateList/>
					<FilesList>
						<File>
							<Name>3126421151.wem</Name>
						</File>
					</FilesList>
				</Path>
			</Container>
		</ExternalEvent>
		<ExternalEvent>
			<Name>Play_VO_Fire_Alarm</Name>
			<Container>
				<Name>Voice</Name>
				<ExternalId>VVO_Fire_Alarm</ExternalId>
				<Path>
					<StateList/>
					<FilesList>
						<File>
							<Name>668546203.wem</Name>
						</File>
					</FilesList>
				</Path>
			</Container>
		</ExternalEvent>
		<ExternalEvent>
			<Name>Play_VO_FirstKill</Name>
			<Container>
				<Name>Voice</Name>
				<ExternalId>VVO_FirstKill</ExternalId>
				<Path>
					<StateList/>
					<FilesList>
						<File>
							<Name>331856688.wem</Name>
						</File>
					</FilesList>
				</Path>
			</Container>
		</ExternalEvent>
		<ExternalEvent>
			<Name>Play_VO_Frags</Name>
			<Container>
				<Name>Voice</Name>
				<ExternalId>VVO_Frags</ExternalId>
				<Path>
					<StateList>
						<State>
							<Name>Damage_Frag_Type</Name>
							<Value>Damage_Frag_AirCarrier</Value>
						</State>
					</StateList>
					<FilesList>
						<File>
							<Name>4287280849.wem</Name>
						</File>
					</FilesList>
				</Path>
				<Path>
					<StateList>
						<State>
							<Name>Damage_Frag_Type</Name>
							<Value>Damage_Frag_Battleship</Value>
						</State>
					</StateList>
					<FilesList>
						<File>
							<Name>4240181278.wem</Name>
						</File>
					</FilesList>
				</Path>
				<Path>
					<StateList>
						<State>
							<Name>Damage_Frag_Type</Name>
							<Value>Damage_Frag_Cruiser</Value>
						</State>
					</StateList>
					<FilesList>
						<File>
							<Name>2203922984.wem</Name>
						</File>
					</FilesList>
				</Path>
				<Path>
					<StateList>
						<State>
							<Name>Damage_Frag_Type</Name>
							<Value>Damage_Frag_Destroyer</Value>
						</State>
					</StateList>
					<FilesList>
						<File>
							<Name>4319326.wem</Name>
						</File>
					</FilesList>
				</Path>
				<Path>
					<StateList>
						<State>
							<Name>Damage_Frag_Type</Name>
							<Value>Damage_Frag_Submarine</Value>
						</State>
					</StateList>
					<FilesList>
						<File>
							<Name>447609406.wem</Name>
						</File>
					</FilesList>
				</Path>
			</Container>
		</ExternalEvent>
		<ExternalEvent>
			<Name>Play_VO_Friendly_Hit</Name>
			<Container>
				<Name>Voice</Name>
				<ExternalId>VVO_Friendly_Hit</ExternalId>
				<Path>
					<StateList/>
					<FilesList>
						<File>
							<Name>khnTK.wem</Name>
						</File>
					</FilesList>
				</Path>
			</Container>
		</ExternalEvent>
		<ExternalEvent>
			<Name>Play_VO_Highschool_Fleet_Capture_Fort</Name>
			<Container>
				<Name>Voice</Name>
				<ExternalId>VVO_Highschool_Fleet_Capture_Fort</ExternalId>
				<Path>
					<StateList/>
					<FilesList>
						<File>
							<Name>2035182537.wem</Name>
						</File>
					</FilesList>
				</Path>
			</Container>
		</ExternalEvent>
		<ExternalEvent>
			<Name>Play_VO_Highschool_Fleet_MG_Shot</Name>
			<Container>
				<Name>Voice</Name>
				<ExternalId>VVO_Highschool_Fleet_MG_Shot</ExternalId>
				<Path>
					<StateList/>
					<FilesList>
						<File>
							<Name>1702759844.wem</Name>
						</File>
					</FilesList>
				</Path>
			</Container>
		</ExternalEvent>
		<ExternalEvent>
			<Name>Play_VO_Highschool_Fleet_TA_shot</Name>
			<Container>
				<Name>Voice</Name>
				<ExternalId>VVO_Highschool_Fleet_TA_shot</ExternalId>
				<Path>
					<StateList/>
					<FilesList>
						<File>
							<Name>2439023899.wem</Name>
						</File>
					</FilesList>
				</Path>
			</Container>
		</ExternalEvent>
		<ExternalEvent>
			<Name>Play_VO_Highschool_Fleet_Torpedo_Hit</Name>
			<Container>
				<Name>Voice</Name>
				<ExternalId>VVO_Highschool_Fleet_Torpedo_Hit</ExternalId>
				<Path>
					<StateList/>
					<FilesList>
						<File>
							<Name>3124211579.wem</Name>
						</File>
					</FilesList>
				</Path>
			</Container>
		</ExternalEvent>
		<ExternalEvent>
			<Name>Play_VO_Hit_Feedback_Good_Hit</Name>
			<Container>
				<Name>Voice</Name>
				<ExternalId>VVO_Hit_Feedback_Good_Hit</ExternalId>
				<Path>
					<StateList/>
					<FilesList>
						<File>
							<Name>2633710557.wem</Name>
						</File>
					</FilesList>
				</Path>
			</Container>
		</ExternalEvent>
		<ExternalEvent>
			<Name>Play_VO_Last_Hope</Name>
			<Container>
				<Name>Voice</Name>
				<ExternalId>VVO_Last_Hope</ExternalId>
				<Path>
					<StateList/>
					<FilesList>
						<File>
							<Name>1390956967.wem</Name>
						</File>
					</FilesList>
				</Path>
			</Container>
		</ExternalEvent>
		<ExternalEvent>
			<Name>Play_VO_Lock_Weapon</Name>
			<Container>
				<Name>Voice</Name>
				<ExternalId>VVO_Lock_Weapon</ExternalId>
				<Path>
					<StateList>
						<State>
							<Name>VO_Lock_Weapon</Name>
							<Value>VO_Lock_Weapon_ATBA_Left</Value>
						</State>
					</StateList>
					<FilesList>
						<File>
							<Name>2975545400.wem</Name>
						</File>
					</FilesList>
				</Path>
				<Path>
					<StateList>
						<State>
							<Name>VO_Lock_Weapon</Name>
							<Value>VO_Lock_Weapon_ATBA_Right</Value>
						</State>
					</StateList>
					<FilesList>
						<File>
							<Name>1656467589.wem</Name>
						</File>
					</FilesList>
				</Path>
				<Path>
					<StateList>
						<State>
							<Name>VO_Lock_Weapon</Name>
							<Value>VO_Lock_Weapon_MG</Value>
						</State>
					</StateList>
					<FilesList>
						<File>
							<Name>1350946364.wem</Name>
						</File>
					</FilesList>
				</Path>
				<Path>
					<StateList>
						<State>
							<Name>VO_Lock_Weapon</Name>
							<Value>VO_Lock_Weapon_MG_Off</Value>
						</State>
					</StateList>
					<FilesList>
						<File>
							<Name>2209883933.wem</Name>
						</File>
					</FilesList>
				</Path>
				<Path>
					<StateList>
						<State>
							<Name>VO_Lock_Weapon</Name>
							<Value>VO_Lock_Weapon_Off</Value>
						</State>
					</StateList>
					<FilesList>
						<File>
							<Name>2590817129.wem</Name>
						</File>
					</FilesList>
				</Path>
				<Path>
					<StateList>
						<State>
							<Name>VO_Lock_Weapon</Name>
							<Value>VO_Lock_Weapon_On</Value>
						</State>
					</StateList>
					<FilesList>
						<File>
							<Name>2611676552.wem</Name>
						</File>
					</FilesList>
				</Path>
				<Path>
					<StateList>
						<State>
							<Name>VO_Lock_Weapon</Name>
							<Value>VO_Lock_Weapon_TA</Value>
						</State>
					</StateList>
					<FilesList>
						<File>
							<Name>2396041316.wem</Name>
						</File>
					</FilesList>
				</Path>
				<Path>
					<StateList>
						<State>
							<Name>VO_Lock_Weapon</Name>
							<Value>VO_Lock_Weapon_TA_Off</Value>
						</State>
					</StateList>
					<FilesList>
						<File>
							<Name>1523785541.wem</Name>
						</File>
					</FilesList>
				</Path>
			</Container>
		</ExternalEvent>
		<ExternalEvent>
			<Name>Play_VO_Pilots_Status</Name>
			<Container>
				<Name>Voice</Name>
				<ExternalId>VVO_Pilots_Status</ExternalId>
				<Path>
					<StateList>
						<State>
							<Name>VO_Plane_Status</Name>
							<Value>TAKEOFF_ENDED</Value>
						</State>
					</StateList>
					<FilesList>
						<File>
							<Name>3086440705.wem</Name>
						</File>
					</FilesList>
				</Path>
				<Path>
					<StateList>
						<State>
							<Name>VO_Plane_Status</Name>
							<Value>ATTACK_STARTED</Value>
						</State>
					</StateList>
					<FilesList>
						<File>
							<Name>3098338659.wem</Name>
						</File>
					</FilesList>
				</Path>
				<Path>
					<StateList>
						<State>
							<Name>VO_Plane_Status</Name>
							<Value>UNDER_ATTACK</Value>
						</State>
					</StateList>
					<FilesList>
						<File>
							<Name>4291647258.wem</Name>
						</File>
					</FilesList>
				</Path>
			</Container>
		</ExternalEvent>
		<ExternalEvent>
			<Name>Play_VO_Priority_Target</Name>
			<Container>
				<Name>Voice</Name>
				<ExternalId>VVO_Priority_Target</ExternalId>
				<Path>
					<StateList/>
					<FilesList>
						<File>
							<Name>4244847127.wem</Name>
						</File>
					</FilesList>
				</Path>
			</Container>
		</ExternalEvent>
		<ExternalEvent>
			<Name>Play_VO_Quick_Commands</Name>
			<Container>
				<Name>Voice</Name>
				<ExternalId>VVO_Quick_Commands</ExternalId>
				<Path>
					<StateList>
						<State>
							<Name>VO_Quick_Commands</Name>
							<Value>CMD_QUICK_AYE_AYE</Value>
						</State>
					</StateList>
					<FilesList>
						<File>
							<Name>329067894.wem</Name>
						</File>
					</FilesList>
				</Path>
				<Path>
					<StateList>
						<State>
							<Name>VO_Quick_Commands</Name>
							<Value>CMD_QUICK_BACK</Value>
						</State>
					</StateList>
					<FilesList>
						<File>
							<Name>1786636448.wem</Name>
						</File>
					</FilesList>
				</Path>
				<Path>
					<StateList>
						<State>
							<Name>VO_Quick_Commands</Name>
							<Value>CMD_QUICK_BACK_ALLY_SHIP</Value>
						</State>
					</StateList>
					<FilesList>
						<File>
							<Name>1786636448.wem</Name>
						</File>
					</FilesList>
				</Path>
				<Path>
					<StateList>
						<State>
							<Name>VO_Quick_Commands</Name>
							<Value>CMD_QUICK_CARAMBA</Value>
						</State>
					</StateList>
					<FilesList>
						<File>
							<Name>2070708305.wem</Name>
						</File>
					</FilesList>
				</Path>
				<Path>
					<StateList>
						<State>
							<Name>VO_Quick_Commands</Name>
							<Value>CMD_QUICK_GOOD_GAME</Value>
						</State>
					</StateList>
					<FilesList>
						<File>
							<Name>2300364458.wem</Name>
						</File>
					</FilesList>
				</Path>
				<Path>
					<StateList>
						<State>
							<Name>VO_Quick_Commands</Name>
							<Value>CMD_QUICK_GOOD_GAME_ALLY_SHIP</Value>
						</State>
					</StateList>
					<FilesList>
						<File>
							<Name>2300364458.wem</Name>
						</File>
					</FilesList>
				</Path>
				<Path>
					<StateList>
						<State>
							<Name>VO_Quick_Commands</Name>
							<Value>CMD_QUICK_GOOD_LUCK</Value>
						</State>
					</StateList>
					<FilesList>
						<File>
							<Name>3993597934.wem</Name>
						</File>
					</FilesList>
				</Path>
				<Path>
					<StateList>
						<State>
							<Name>VO_Quick_Commands</Name>
							<Value>CMD_QUICK_NEED_AIR_DEFENCE</Value>
						</State>
					</StateList>
					<FilesList>
						<File>
							<Name>3956949346.wem</Name>
						</File>
					</FilesList>
				</Path>
				<Path>
					<StateList>
						<State>
							<Name>VO_Quick_Commands</Name>
							<Value>CMD_QUICK_NEED_SMOKE</Value>
						</State>
					</StateList>
					<FilesList>
						<File>
							<Name>3435087193.wem</Name>
						</File>
					</FilesList>
				</Path>
				<Path>
					<StateList>
						<State>
							<Name>VO_Quick_Commands</Name>
							<Value>CMD_QUICK_NEED_SUPPORT</Value>
						</State>
					</StateList>
					<FilesList>
						<File>
							<Name>199222527.wem</Name>
						</File>
					</FilesList>
				</Path>
				<Path>
					<StateList>
						<State>
							<Name>VO_Quick_Commands</Name>
							<Value>CMD_QUICK_NEED_SUPPORT_ALLY_PLANE</Value>
						</State>
					</StateList>
					<FilesList>
						<File>
							<Name>1314487986.wem</Name>
						</File>
					</FilesList>
				</Path>
				<Path>
					<StateList>
						<State>
							<Name>VO_Quick_Commands</Name>
							<Value>CMD_QUICK_NEED_SUPPORT_ALLY_SHIP</Value>
						</State>
					</StateList>
					<FilesList>
						<File>
							<Name>1003226243.wem</Name>
						</File>
					</FilesList>
				</Path>
				<Path>
					<StateList>
						<State>
							<Name>VO_Quick_Commands</Name>
							<Value>CMD_QUICK_NEED_VISION</Value>
						</State>
					</StateList>
					<FilesList>
						<File>
							<Name>2656310433.wem</Name>
						</File>
					</FilesList>
				</Path>
				<Path>
					<StateList>
						<State>
							<Name>VO_Quick_Commands</Name>
							<Value>CMD_QUICK_NO_WAY</Value>
						</State>
					</StateList>
					<FilesList>
						<File>
							<Name>451072164.wem</Name>
						</File>
					</FilesList>
				</Path>
				<Path>
					<StateList>
						<State>
							<Name>VO_Quick_Commands</Name>
							<Value>CMD_QUICK_TACTIC_ALLY_BASE</Value>
						</State>
					</StateList>
					<FilesList>
						<File>
							<Name>1258210213.wem</Name>
						</File>
					</FilesList>
				</Path>
				<Path>
					<StateList>
						<State>
							<Name>VO_Quick_Commands</Name>
							<Value>CMD_QUICK_TACTIC_ALLY_BUILDING</Value>
						</State>
					</StateList>
					<FilesList>
						<File>
							<Name>973752390.wem</Name>
						</File>
					</FilesList>
				</Path>
				<Path>
					<StateList>
						<State>
							<Name>VO_Quick_Commands</Name>
							<Value>CMD_QUICK_TACTIC_ALLY_PLANE</Value>
						</State>
					</StateList>
					<FilesList>
						<File>
							<Name>436026906.wem</Name>
						</File>
					</FilesList>
				</Path>
				<Path>
					<StateList>
						<State>
							<Name>VO_Quick_Commands</Name>
							<Value>CMD_QUICK_TACTIC_ALLY_POINT</Value>
						</State>
					</StateList>
					<FilesList>
						<File>
							<Name>3703577062.wem</Name>
						</File>
					</FilesList>
				</Path>
				<Path>
					<StateList>
						<State>
							<Name>VO_Quick_Commands</Name>
							<Value>CMD_QUICK_SOS</Value>
						</State>
					</StateList>
					<FilesList>
						<File>
							<Name>199222527.wem</Name>
						</File>
					</FilesList>
				</Path>
				<Path>
					<StateList>
						<State>
							<Name>VO_Quick_Commands</Name>
							<Value>CMD_QUICK_TACTIC_ALLY_SHIP</Value>
						</State>
					</StateList>
					<FilesList>
						<File>
							<Name>3493673711.wem</Name>
						</File>
					</FilesList>
				</Path>
				<Path>
					<StateList>
						<State>
							<Name>VO_Quick_Commands</Name>
							<Value>CMD_QUICK_TACTIC_ENEMY_BASE</Value>
						</State>
					</StateList>
					<FilesList>
						<File>
							<Name>3537637766.wem</Name>
						</File>
					</FilesList>
				</Path>
				<Path>
					<StateList>
						<State>
							<Name>VO_Quick_Commands</Name>
							<Value>CMD_QUICK_TACTIC_ENEMY_BUILDING</Value>
						</State>
					</StateList>
					<FilesList>
						<File>
							<Name>2035182537.wem</Name>
						</File>
					</FilesList>
				</Path>
				<Path>
					<StateList>
						<State>
							<Name>VO_Quick_Commands</Name>
							<Value>CMD_QUICK_TACTIC_ENEMY_PLANE</Value>
						</State>
					</StateList>
					<FilesList>
						<File>
							<Name>3578023514.wem</Name>
						</File>
					</FilesList>
				</Path>
				<Path>
					<StateList>
						<State>
							<Name>VO_Quick_Commands</Name>
							<Value>CMD_QUICK_TACTIC_ENEMY_POINT</Value>
						</State>
					</StateList>
					<FilesList>
						<File>
							<Name>1407142105.wem</Name>
						</File>
					</FilesList>
				</Path>
				<Path>
					<StateList>
						<State>
							<Name>VO_Quick_Commands</Name>
							<Value>CMD_QUICK_TACTIC_ENEMY_SHIP</Value>
						</State>
					</StateList>
					<FilesList>
						<File>
							<Name>4244847127.wem</Name>
						</File>
					</FilesList>
				</Path>
				<Path>
					<StateList>
						<State>
							<Name>VO_Quick_Commands</Name>
							<Value>CMD_QUICK_THANK_YOU</Value>
						</State>
					</StateList>
					<FilesList>
						<File>
							<Name>1427495961.wem</Name>
						</File>
					</FilesList>
				</Path>
				<Path>
					<StateList>
						<State>
							<Name>VO_Quick_Commands</Name>
							<Value>CMD_QUICK_THANK_YOU_ALLY_SHIP</Value>
						</State>
					</StateList>
					<FilesList>
						<File>
							<Name>1427495961.wem</Name>
						</File>
					</FilesList>
				</Path>
			</Container>
		</ExternalEvent>
		<ExternalEvent>
			<Name>Play_VO_Quick_Commands_Receive</Name>
			<Container>
				<Name>Voice</Name>
				<ExternalId>VVO_Quick_Commands_Receive</ExternalId>
				<Path>
					<StateList>
						<State>
							<Name>VO_Quick_Commands</Name>
							<Value>CMD_QUICK_AYE_AYE</Value>
						</State>
					</StateList>
					<FilesList>
						<File>
							<Name>329067894.wem</Name>
						</File>
					</FilesList>
				</Path>
				<Path>
					<StateList>
						<State>
							<Name>VO_Quick_Commands</Name>
							<Value>CMD_QUICK_BACK</Value>
						</State>
					</StateList>
					<FilesList>
						<File>
							<Name>1786636448.wem</Name>
						</File>
					</FilesList>
				</Path>
				<Path>
					<StateList>
						<State>
							<Name>VO_Quick_Commands</Name>
							<Value>CMD_QUICK_BACK_ALLY_SHIP</Value>
						</State>
					</StateList>
					<FilesList>
						<File>
							<Name>1786636448.wem</Name>
						</File>
					</FilesList>
				</Path>
				<Path>
					<StateList>
						<State>
							<Name>VO_Quick_Commands</Name>
							<Value>CMD_QUICK_CARAMBA</Value>
						</State>
					</StateList>
					<FilesList>
						<File>
							<Name>2070708305.wem</Name>
						</File>
					</FilesList>
				</Path>
				<Path>
					<StateList>
						<State>
							<Name>VO_Quick_Commands</Name>
							<Value>CMD_QUICK_GOOD_GAME</Value>
						</State>
					</StateList>
					<FilesList>
						<File>
							<Name>2300364458.wem</Name>
						</File>
					</FilesList>
				</Path>
				<Path>
					<StateList>
						<State>
							<Name>VO_Quick_Commands</Name>
							<Value>CMD_QUICK_GOOD_GAME_ALLY_SHIP</Value>
						</State>
					</StateList>
					<FilesList>
						<File>
							<Name>2300364458.wem</Name>
						</File>
					</FilesList>
				</Path>
				<Path>
					<StateList>
						<State>
							<Name>VO_Quick_Commands</Name>
							<Value>CMD_QUICK_GOOD_LUCK</Value>
						</State>
					</StateList>
					<FilesList>
						<File>
							<Name>3993597934.wem</Name>
						</File>
					</FilesList>
				</Path>
				<Path>
					<StateList>
						<State>
							<Name>VO_Quick_Commands</Name>
							<Value>CMD_QUICK_NEED_AIR_DEFENCE</Value>
						</State>
					</StateList>
					<FilesList>
						<File>
							<Name>3956949346.wem</Name>
						</File>
					</FilesList>
				</Path>
				<Path>
					<StateList>
						<State>
							<Name>VO_Quick_Commands</Name>
							<Value>CMD_QUICK_NEED_SMOKE</Value>
						</State>
					</StateList>
					<FilesList>
						<File>
							<Name>3435087193.wem</Name>
						</File>
					</FilesList>
				</Path>
				<Path>
					<StateList>
						<State>
							<Name>VO_Quick_Commands</Name>
							<Value>CMD_QUICK_NEED_SUPPORT</Value>
						</State>
					</StateList>
					<FilesList>
						<File>
							<Name>199222527.wem</Name>
						</File>
					</FilesList>
				</Path>
				<Path>
					<StateList>
						<State>
							<Name>VO_Quick_Commands</Name>
							<Value>CMD_QUICK_NEED_SUPPORT_ALLY_PLANE</Value>
						</State>
					</StateList>
					<FilesList>
						<File>
							<Name>1314487986.wem</Name>
						</File>
					</FilesList>
				</Path>
				<Path>
					<StateList>
						<State>
							<Name>VO_Quick_Commands</Name>
							<Value>CMD_QUICK_NEED_SUPPORT_ALLY_SHIP</Value>
						</State>
					</StateList>
					<FilesList>
						<File>
							<Name>1003226243.wem</Name>
						</File>
					</FilesList>
				</Path>
				<Path>
					<StateList>
						<State>
							<Name>VO_Quick_Commands</Name>
							<Value>CMD_QUICK_NEED_VISION</Value>
						</State>
					</StateList>
					<FilesList>
						<File>
							<Name>2656310433.wem</Name>
						</File>
					</FilesList>
				</Path>
				<Path>
					<StateList>
						<State>
							<Name>VO_Quick_Commands</Name>
							<Value>CMD_QUICK_NO_WAY</Value>
						</State>
					</StateList>
					<FilesList>
						<File>
							<Name>451072164.wem</Name>
						</File>
					</FilesList>
				</Path>
				<Path>
					<StateList>
						<State>
							<Name>VO_Quick_Commands</Name>
							<Value>CMD_QUICK_SOS</Value>
						</State>
					</StateList>
					<FilesList>
						<File>
							<Name>199222527.wem</Name>
						</File>
					</FilesList>
				</Path>
				<Path>
					<StateList>
						<State>
							<Name>VO_Quick_Commands</Name>
							<Value>CMD_QUICK_TACTIC_ALLY_BASE</Value>
						</State>
					</StateList>
					<FilesList>
						<File>
							<Name>1258210213.wem</Name>
						</File>
					</FilesList>
				</Path>
				<Path>
					<StateList>
						<State>
							<Name>VO_Quick_Commands</Name>
							<Value>CMD_QUICK_TACTIC_ALLY_BUILDING</Value>
						</State>
					</StateList>
					<FilesList>
						<File>
							<Name>973752390.wem</Name>
						</File>
					</FilesList>
				</Path>
				<Path>
					<StateList>
						<State>
							<Name>VO_Quick_Commands</Name>
							<Value>CMD_QUICK_TACTIC_ALLY_PLANE</Value>
						</State>
					</StateList>
					<FilesList>
						<File>
							<Name>436026906.wem</Name>
						</File>
					</FilesList>
				</Path>
				<Path>
					<StateList>
						<State>
							<Name>VO_Quick_Commands</Name>
							<Value>CMD_QUICK_TACTIC_ALLY_POINT</Value>
						</State>
					</StateList>
					<FilesList>
						<File>
							<Name>3703577062.wem</Name>
						</File>
					</FilesList>
				</Path>
				<Path>
					<StateList>
						<State>
							<Name>VO_Quick_Commands</Name>
							<Value>CMD_QUICK_TACTIC_ALLY_SHIP</Value>
						</State>
					</StateList>
					<FilesList>
						<File>
							<Name>3493673711.wem</Name>
						</File>
					</FilesList>
				</Path>
				<Path>
					<StateList>
						<State>
							<Name>VO_Quick_Commands</Name>
							<Value>CMD_QUICK_TACTIC_ENEMY_BASE</Value>
						</State>
					</StateList>
					<FilesList>
						<File>
							<Name>3537637766.wem</Name>
						</File>
					</FilesList>
				</Path>
				<Path>
					<StateList>
						<State>
							<Name>VO_Quick_Commands</Name>
							<Value>CMD_QUICK_TACTIC_ENEMY_BUILDING</Value>
						</State>
					</StateList>
					<FilesList>
						<File>
							<Name>2035182537.wem</Name>
						</File>
					</FilesList>
				</Path>
				<Path>
					<StateList>
						<State>
							<Name>VO_Quick_Commands</Name>
							<Value>CMD_QUICK_TACTIC_ENEMY_PLANE</Value>
						</State>
					</StateList>
					<FilesList>
						<File>
							<Name>3578023514.wem</Name>
						</File>
					</FilesList>
				</Path>
				<Path>
					<StateList>
						<State>
							<Name>VO_Quick_Commands</Name>
							<Value>CMD_QUICK_TACTIC_ENEMY_POINT</Value>
						</State>
					</StateList>
					<FilesList>
						<File>
							<Name>1407142105.wem</Name>
						</File>
					</FilesList>
				</Path>
				<Path>
					<StateList>
						<State>
							<Name>VO_Quick_Commands</Name>
							<Value>CMD_QUICK_TACTIC_ENEMY_SHIP</Value>
						</State>
					</StateList>
					<FilesList>
						<File>
							<Name>4244847127.wem</Name>
						</File>
					</FilesList>
				</Path>
				<Path>
					<StateList>
						<State>
							<Name>VO_Quick_Commands</Name>
							<Value>CMD_QUICK_THANK_YOU</Value>
						</State>
					</StateList>
					<FilesList>
						<File>
							<Name>1427495961.wem</Name>
						</File>
					</FilesList>
				</Path>
				<Path>
					<StateList>
						<State>
							<Name>VO_Quick_Commands</Name>
							<Value>CMD_QUICK_THANK_YOU_ALLY_SHIP</Value>
						</State>
					</StateList>
					<FilesList>
						<File>
							<Name>1427495961.wem</Name>
						</File>
					</FilesList>
				</Path>
			</Container>
		</ExternalEvent>
		<ExternalEvent>
			<Name>Play_VO_Reload_Air_Support</Name>
			<Container>
				<Name>Voice</Name>
				<ExternalId>VVO_Reload_Air_Support</ExternalId>
				<Path>
					<StateList/>
					<FilesList>
						<File>
							<Name>3727295280.wem</Name>
						</File>
					</FilesList>
				</Path>
			</Container>
		</ExternalEvent>
		<ExternalEvent>
			<Name>Play_VO_Result_Stinger</Name>
			<Container>
				<Name>Voice</Name>
				<ExternalId>VVO_Result_Stinger</ExternalId>
				<Path>
					<StateList>
						<State>
							<Name>Battle_Status_Result</Name>
							<Value>Battle_Status_Result_Loss</Value>
						</State>
					</StateList>
					<FilesList>
						<File>
							<Name>3425153219.wem</Name>
						</File>
					</FilesList>
				</Path>
				<Path>
					<StateList>
						<State>
							<Name>Battle_Status_Result</Name>
							<Value>Battle_Status_Result_Win</Value>
						</State>
					</StateList>
					<FilesList>
						<File>
							<Name>249101396.wem</Name>
						</File>
					</FilesList>
				</Path>
			</Container>
		</ExternalEvent>
		<ExternalEvent>
			<Name>Play_VO_Ship_Alarms_Torpedo_Danger</Name>
			<Container>
				<Name>Voice</Name>
				<ExternalId>VVO_Ship_Alarms_Torpedo_Danger</ExternalId>
				<Path>
					<StateList>
						<State>
							<Name>VO_Torpedo_Location</Name>
							<Value>Torpedo_Ahead</Value>
						</State>
					</StateList>
					<FilesList>
						<File>
							<Name>2323362387.wem</Name>
						</File>
					</FilesList>
				</Path>
				<Path>
					<StateList>
						<State>
							<Name>VO_Torpedo_Location</Name>
							<Value>Torpedo_Back</Value>
						</State>
					</StateList>
					<FilesList>
						<File>
							<Name>2525127444.wem</Name>
						</File>
					</FilesList>
				</Path>
				<Path>
					<StateList>
						<State>
							<Name>VO_Torpedo_Location</Name>
							<Value>Torpedo_Left</Value>
						</State>
					</StateList>
					<FilesList>
						<File>
							<Name>405214444.wem</Name>
						</File>
					</FilesList>
				</Path>
				<Path>
					<StateList>
						<State>
							<Name>VO_Torpedo_Location</Name>
							<Value>Torpedo_Right</Value>
						</State>
					</StateList>
					<FilesList>
						<File>
							<Name>4081757689.wem</Name>
						</File>
					</FilesList>
				</Path>
			</Container>
		</ExternalEvent>
		<ExternalEvent>
			<Name>Play_VO_Ship_Avatar_Flooding</Name>
			<Container>
				<Name>Voice</Name>
				<ExternalId>VVO_Ship_Avatar_Flooding</ExternalId>
				<Path>
					<StateList/>
					<FilesList>
						<File>
							<Name>3913430057.wem</Name>
						</File>
					</FilesList>
				</Path>
				<Path>
					<StateList>
						<State>
							<Name>VO_Damage</Name>
							<Value>VO_Damage_Critical_Flooding</Value>
						</State>
					</StateList>
					<FilesList>
						<File>
							<Name>2576314865.wem</Name>
						</File>
					</FilesList>
				</Path>
			</Container>
		</ExternalEvent>
		<ExternalEvent>
			<Name>Play_VO_Ship_Weapon_AirSupport_Shot</Name>
			<Container>
				<Name>Voice</Name>
				<ExternalId>VVO_Ship_Weapon_AirSupport_Shot</ExternalId>
				<Path>
					<StateList/>
					<FilesList>
						<File>
							<Name>1422665069.wem</Name>
						</File>
					</FilesList>
				</Path>
			</Container>
		</ExternalEvent>
		<ExternalEvent>
			<Name>Play_VO_Start_Battle</Name>
			<Container>
				<Name>Voice</Name>
				<ExternalId>VVO_Start_Battle</ExternalId>
				<Path>
					<StateList/>
					<FilesList>
						<File>
							<Name>1328919034.wem</Name>
						</File>
					</FilesList>
				</Path>
			</Container>
		</ExternalEvent>
		<ExternalEvent>
			<Name>Play_VO_Submarine_Alarm_Energy_Danger</Name>
			<Container>
				<Name>Voice</Name>
				<ExternalId>VVO_Submarine_Alarm_Energy_Danger</ExternalId>
				<Path>
					<StateList/>
					<FilesList>
						<File>
							<Name>96465974.wem</Name>
						</File>
					</FilesList>
				</Path>
			</Container>
		</ExternalEvent>
		<ExternalEvent>
			<Name>Play_VO_Submarine_Detected</Name>
			<Container>
				<Name>Voice</Name>
				<ExternalId>VVO_Submarine_Detected</ExternalId>
				<Path>
					<StateList/>
					<FilesList>
						<File>
							<Name>3056266601.wem</Name>
						</File>
					</FilesList>
				</Path>
			</Container>
		</ExternalEvent>
		<ExternalEvent>
			<Name>Play_VO_Submarine_Dive_Limit</Name>
			<Container>
				<Name>Voice</Name>
				<ExternalId>VVO_Submarine_Dive_Limit</ExternalId>
				<Path>
					<StateList/>
					<FilesList>
						<File>
							<Name>350526559.wem</Name>
						</File>
					</FilesList>
				</Path>
			</Container>
		</ExternalEvent>
		<ExternalEvent>
			<Name>Play_VO_Submarine_Energy_Full</Name>
			<Container>
				<Name>Voice</Name>
				<ExternalId>VVO_Submarine_Energy_Full</ExternalId>
				<Path>
					<StateList/>
					<FilesList>
						<File>
							<Name>2546312549.wem</Name>
						</File>
					</FilesList>
				</Path>
			</Container>
		</ExternalEvent>
		<ExternalEvent>
			<Name>Play_VO_Submarine_Energy_Over</Name>
			<Container>
				<Name>Voice</Name>
				<ExternalId>VVO_Submarine_Energy_Over</ExternalId>
				<Path>
					<StateList/>
					<FilesList>
						<File>
							<Name>2383307454.wem</Name>
						</File>
					</FilesList>
				</Path>
			</Container>
		</ExternalEvent>
		<ExternalEvent>
			<Name>Play_VO_Timer_5</Name>
			<Container>
				<Name>Voice</Name>
				<ExternalId>VVO_Timer_5</ExternalId>
				<Path>
					<StateList/>
					<FilesList>
						<File>
							<Name>1198228556.wem</Name>
						</File>
					</FilesList>
				</Path>
			</Container>
		</ExternalEvent>
	</AudioModification>
</AudioModification.xml>
